postId;id;name
1;1;"id labore ex et quam laborum"
1;2;"quo vero reiciendis velit similique earum"
1;3;"odio adipisci rerum aut animi"
1;4;"alias odio sit"
1;5;"vero eaque aliquid doloribus et culpa"
2;6;"et fugit eligendi deleniti quidem qui sint nihil autem"
2;7;"repellat consequatur praesentium vel minus molestias voluptatum"
2;8;"et omnis dolorem"
2;9;"provident id voluptas"
2;10;"eaque et deleniti atque tenetur ut quo ut"
3;11;"fugit labore quia mollitia quas deserunt nostrum sunt"
3;12;"modi ut eos dolores illum nam dolor"
3;13;"aut inventore non pariatur sit vitae voluptatem sapiente"
3;14;"et officiis id praesentium hic aut ipsa dolorem repudiandae"
3;15;"debitis magnam hic odit aut ullam nostrum tenetur"
4;16;"perferendis temporibus delectus optio ea eum ratione dolorum"
4;17;"eos est animi quis"
4;18;"aut et tenetur ducimus illum aut nulla ab"
4;19;"sed impedit rerum quia et et inventore unde officiis"
4;20;"molestias expedita iste aliquid voluptates"
5;21;"aliquid rerum mollitia qui a consectetur eum sed"
5;22;"porro repellendus aut tempore quis hic"
5;23;"quis tempora quidem nihil iste"
5;24;"in tempore eos beatae est"
5;25;"autem ab ea sit alias hic provident sit"
6;26;"in deleniti sunt provident soluta ratione veniam quam praesentium"
6;27;"doloribus quibusdam molestiae amet illum"
6;28;"quo voluptates voluptas nisi veritatis dignissimos dolores ut officiis"
6;29;"eum distinctio amet dolor"
6;30;"quasi nulla ducimus facilis non voluptas aut"
7;31;"ex velit ut cum eius odio ad placeat"
7;32;"dolorem architecto ut pariatur quae qui suscipit"
7;33;"voluptatum totam vel voluptate omnis"
7;34;"omnis nemo sunt ab autem"
7;35;"repellendus sapiente omnis praesentium aliquam ipsum id molestiae omnis"
8;36;"sit et quis"
8;37;"beatae veniam nemo rerum voluptate quam aspernatur"
8;38;"maiores dolores expedita"
8;39;"necessitatibus ratione aut ut delectus quae ut"
8;40;"non minima omnis deleniti pariatur facere quibusdam at"
9;41;"voluptas deleniti ut"
9;42;"nam qui et"
9;43;"molestias sint est voluptatem modi"
9;44;"hic molestiae et fuga ea maxime quod"
9;45;"autem illo facilis"
10;46;"dignissimos et deleniti voluptate et quod"
10;47;"rerum commodi est non dolor nesciunt ut"
10;48;"consequatur animi dolorem saepe repellendus ut quo aut tenetur"
10;49;"rerum placeat quae minus iusto eligendi"
10;50;"dolorum soluta quidem ex quae occaecati dicta aut doloribus"
11;51;"molestias et odio ut commodi omnis ex"
11;52;"esse autem dolorum"
11;53;"maiores alias necessitatibus aut non"
11;54;"culpa eius tempora sit consequatur neque iure deserunt"
11;55;"quas pariatur quia a doloribus"
12;56;"et dolorem corrupti sed molestias"
12;57;"qui quidem sed"
12;58;"sint minus reiciendis qui perspiciatis id"
12;59;"quis ducimus distinctio similique et illum minima ab libero"
12;60;"expedita libero quos cum commodi ad"
13;61;"quidem itaque dolores quod laborum aliquid molestiae"
13;62;"libero beatae consequuntur optio est hic"
13;63;"occaecati dolor accusantium et quasi architecto aut eveniet fugiat"
13;64;"consequatur aut ullam voluptas dolorum voluptatum sequi et"
13;65;"earum ea ratione numquam"
14;66;"eius nam consequuntur"
14;67;"omnis consequatur natus distinctio"
14;68;"architecto ut deserunt consequatur cumque sapiente"
14;69;"at aut ea iure accusantium voluptatum nihil ipsum"
14;70;"eum magni accusantium labore aut cum et tenetur"
15;71;"vel pariatur perferendis vero ab aut voluptates labore"
15;72;"quia sunt dolor dolor suscipit expedita quis"
15;73;"ut quia ipsa repellat sunt et sequi aut est"
15;74;"ut non illum pariatur dolor"
15;75;"minus laboriosam consequuntur"
16;76;"porro ut soluta repellendus similique"
16;77;"dolores et quo omnis voluptates"
16;78;"voluptas voluptas voluptatibus blanditiis"
16;79;"beatae ut ad quisquam sed repellendus et"
16;80;"et cumque ad culpa ut eligendi non"
17;81;"aut non consequuntur dignissimos voluptatibus dolorem earum recusandae dolorem"
17;82;"ea est non dolorum iste nihil est"
17;83;"nihil qui accusamus ratione et molestias et minus"
17;84;"quia voluptatibus magnam voluptatem optio vel perspiciatis"
17;85;"non voluptas cum est quis aut consectetur nam"
18;86;"suscipit est sunt vel illum sint"
18;87;"dolor asperiores autem et omnis quasi nobis"
18;88;"officiis aperiam odit sint est non"
18;89;"in voluptatum nostrum voluptas iure nisi rerum est placeat"
18;90;"eum voluptas dolores molestias odio amet repellendus"
19;91;"repellendus est laboriosam voluptas veritatis"
19;92;"repellendus aspernatur occaecati tempore blanditiis deleniti omnis qui distinctio"
19;93;"mollitia dolor deleniti sed iure laudantium"
19;94;"vero repudiandae voluptatem nobis"
19;95;"voluptatem unde quos provident ad qui sit et excepturi"
20;96;"non sit ad culpa quis"
20;97;"reiciendis culpa omnis suscipit est"
20;98;"praesentium dolorem ea voluptate et"
20;99;"laudantium delectus nam"
20;100;"et sint quia dolor et est ea nulla cum"
21;101;"perspiciatis magnam ut eum autem similique explicabo expedita"
21;102;"officia ullam ut neque earum ipsa et fuga"
21;103;"ipsum a ut"
21;104;"a assumenda totam"
21;105;"voluptatem repellat est"
22;106;"maiores placeat facere quam pariatur"
22;107;"in ipsam vel id impedit possimus eos voluptate"
22;108;"ut veritatis corporis placeat suscipit consequatur quaerat"
22;109;"eveniet ut similique accusantium qui dignissimos"
22;110;"sint est odit officiis similique aut corrupti quas autem"
23;111;"possimus facilis deleniti nemo atque voluptate"
23;112;"dolore aut aspernatur est voluptate quia ipsam"
23;113;"sint quo debitis deleniti repellat"
23;114;"optio et sunt non"
23;115;"occaecati dolorem eum in veniam quia quo reiciendis"
24;116;"veritatis sit tempora quasi fuga aut dolorum"
24;117;"incidunt quae optio quam corporis iste deleniti accusantium vero"
24;118;"quisquam laborum reiciendis aut"
24;119;"minus pariatur odit"
24;120;"harum error sit"
25;121;"deleniti quo corporis ullam magni praesentium molestiae"
25;122;"nihil tempora et reiciendis modi veniam"
25;123;"ad eos explicabo odio velit"
25;124;"nostrum suscipit aut consequatur magnam sunt fuga nihil"
25;125;"porro et voluptate et reprehenderit"
26;126;"fuga tenetur id et qui labore delectus"
26;127;"consequatur harum magnam"
26;128;"labore architecto quaerat tempora voluptas consequuntur animi"
26;129;"deleniti facere tempore et perspiciatis voluptas quis voluptatem"
26;130;"quod est non quia doloribus quam deleniti libero"
27;131;"voluptas quasi sunt laboriosam"
27;132;"unde tenetur vero eum iusto"
27;133;"est adipisci laudantium amet rem asperiores"
27;134;"reiciendis quo est vitae dignissimos libero ut officiis fugiat"
27;135;"inventore fugiat dignissimos"
28;136;"et expedita est odit"
28;137;"saepe dolore qui tempore nihil perspiciatis omnis omnis magni"
28;138;"ea optio nesciunt officia velit enim facilis commodi"
28;139;"ut pariatur voluptate possimus quasi"
28;140;"consectetur tempore eum consequuntur"
29;141;"dignissimos perspiciatis voluptate quos rem qui temporibus excepturi"
29;142;"cum dolore sit quisquam provident nostrum vitae"
29;143;"velit molestiae assumenda perferendis voluptas explicabo"
29;144;"earum ipsum ea quas qui molestiae omnis unde"
29;145;"magni iusto sit"
30;146;"est qui debitis"
30;147;"reiciendis et consectetur officiis beatae corrupti aperiam"
30;148;"iusto reprehenderit voluptatem modi"
30;149;"optio dolorem et reiciendis et recusandae quidem"
30;150;"id saepe numquam est facilis sint enim voluptas voluptatem"
31;151;"ut quas facilis laborum voluptatum consequatur odio voluptate et"
31;152;"quod doloremque omnis"
31;153;"dolorum et dolorem optio in provident"
31;154;"odit illo optio ea modi in"
31;155;"adipisci laboriosam repudiandae omnis veritatis in facere similique rem"
32;156;"pariatur omnis in"
32;157;"aut nobis et consequatur"
32;158;"explicabo est molestiae aut"
32;159;"voluptas blanditiis deserunt quia quis"
32;160;"sint fugit esse"
33;161;"nesciunt quidem veritatis alias odit nisi voluptatem non est"
33;162;"animi vitae qui aut corrupti neque culpa modi"
33;163;"omnis ducimus ab temporibus nobis porro natus deleniti"
33;164;"eius corrupti ea"
33;165;"quia commodi molestiae assumenda provident sit incidunt laudantium"
34;166;"sint alias molestiae qui dolor vel"
34;167;"ea nam iste est repudiandae"
34;168;"quis harum voluptatem et culpa"
34;169;"dolor dolore similique tempore ducimus"
34;170;"cupiditate labore omnis consequatur"
35;171;"voluptatibus qui est et"
35;172;"corporis ullam quo"
35;173;"nulla accusamus saepe debitis cum"
35;174;"iure praesentium ipsam"
35;175;"autem totam velit officiis voluptates et ullam rem"
36;176;"ipsam deleniti incidunt repudiandae voluptatem maxime provident non dolores"
36;177;"ab cupiditate blanditiis ea sunt"
36;178;"rerum ex quam enim sunt"
36;179;"et iure ex rerum qui"
36;180;"autem tempora a iusto eum aut voluptatum"
37;181;"similique ut et non laboriosam in eligendi et"
37;182;"soluta corporis excepturi consequatur perspiciatis quia voluptatem"
37;183;"praesentium quod quidem optio omnis qui"
37;184;"veritatis velit quasi quo et voluptates dolore"
37;185;"natus assumenda ut"
38;186;"voluptas distinctio qui similique quasi voluptatem non sit"
38;187;"maiores iste dolor itaque nemo voluptas"
38;188;"quisquam quod quia nihil animi minima facere odit est"
38;189;"ut iusto asperiores delectus"
38;190;"dignissimos voluptatibus libero"
39;191;"est perferendis eos dolores maxime rerum qui"
39;192;"sunt veritatis quisquam est et porro nesciunt excepturi a"
39;193;"quia velit nostrum eligendi voluptates"
39;194;"non ut sunt ut eius autem ipsa eos sapiente"
39;195;"tempore vel accusantium qui quidem esse ut aut"
40;196;"totam vel saepe aut qui velit quis"
40;197;"non perspiciatis omnis facere rem"
40;198;"quod vel enim sit quia ipsa quo dolores"
40;199;"pariatur aspernatur nam atque quis"
40;200;"aperiam et omnis totam"
41;201;"et adipisci aliquam a aperiam ut soluta"
41;202;"blanditiis vel fuga odio qui"
41;203;"ab enim adipisci laudantium impedit qui sed"
41;204;"autem voluptates voluptas nihil"
41;205;"et reiciendis ullam quae"
42;206;"deserunt eveniet quam vitae velit"
42;207;"asperiores sed voluptate est"
42;208;"excepturi aut libero incidunt doloremque at"
42;209;"repudiandae consectetur dolore"
42;210;"quibusdam provident accusamus id aut totam eligendi"
43;211;"rerum voluptate dolor"
43;212;"et maiores sed temporibus cumque voluptatem sunt necessitatibus in"
43;213;"ratione architecto in est voluptatem quibusdam et"
43;214;"dicta deserunt tempore"
43;215;"sint culpa cupiditate ut sit quas qui voluptas qui"
44;216;"voluptatem esse sint alias"
44;217;"eos velit velit esse autem minima voluptas"
44;218;"voluptatem qui deserunt dolorum in voluptates similique et qui"
44;219;"qui unde recusandae omnis ut explicabo neque magni veniam"
44;220;"vel autem quia in modi velit"
45;221;"reprehenderit rem voluptatem voluptate recusandae dolore distinctio"
45;222;"rerum aliquam ducimus repudiandae perferendis"
45;223;"accusantium aliquid consequuntur minus quae quis et autem"
45;224;"eum dolorum ratione vitae expedita"
45;225;"occaecati et corrupti expedita"
46;226;"assumenda officia quam ex natus minima sint quia"
46;227;"omnis error aut doloremque ipsum ducimus"
46;228;"eaque expedita temporibus iure velit eligendi labore dignissimos molestiae"
46;229;"maxime veniam at"
46;230;"illo dolor corrupti quia pariatur in"
47;231;"omnis minima dicta aliquam excepturi"
47;232;"voluptatem excepturi sit et sed qui ipsum quam consequatur"
47;233;"qui dolores maxime autem enim repellendus culpa nostrum consequuntur"
47;234;"natus et necessitatibus animi"
47;235;"odio sed accusantium iure repudiandae officiis ut autem illo"
48;236;"cupiditate rerum voluptate quo facere repudiandae"
48;237;"recusandae deserunt possimus voluptatibus ipsam iste consequatur consequatur"
48;238;"voluptatem nam ducimus non molestiae"
48;239;"voluptatum debitis qui aut voluptas eos quibusdam et"
48;240;"est dolorem est placeat provident non nihil"
49;241;"reprehenderit inventore soluta ut aliquam"
49;242;"quis sit aut vero quo accusamus"
49;243;"quaerat natus illum"
49;244;"labore temporibus ipsa at blanditiis autem"
49;245;"et rerum fuga blanditiis provident eligendi iste eos"
50;246;"magnam earum qui eaque sunt excepturi"
50;247;"vel aut blanditiis magni accusamus dolor soluta"
50;248;"voluptatum sint dicta voluptas aut ut"
50;249;"quibusdam dignissimos aperiam sint commodi"
50;250;"perferendis magnam natus exercitationem eveniet sunt"
51;251;"veritatis sint eius"
51;252;"qui alias beatae iusto omnis placeat recusandae ut"
51;253;"voluptate ipsum corporis quis provident voluptatem eos asperiores"
51;254;"velit inventore et eius saepe"
51;255;"impedit et sapiente et tempore repellendus"
52;256;"tempore distinctio quam"
52;257;"illum non quod vel voluptas quos"
52;258;"omnis quia fugit nisi officiis aspernatur occaecati et"
52;259;"animi minima ducimus tempore officiis qui"
52;260;"qui dolore delectus et omnis quia"
53;261;"aut veritatis quasi voluptatem enim dolor soluta temporibus"
53;262;"ipsa aliquid laborum quidem recusandae dolorum quia"
53;263;"vitae voluptatem dolor iure quo non atque"
53;264;"cum ab voluptates aut"
53;265;"omnis incidunt est molestias"
54;266;"eum enim provident atque eum"
54;267;"ea commodi provident veritatis voluptatem voluptates aperiam"
54;268;"eum et eos delectus"
54;269;"molestiae vitae pariatur"
54;270;"rerum adipisci et ut sit sit dolores"
55;271;"et et repellat quasi non ea similique"
55;272;"repudiandae ut velit dignissimos enim rem dolores odit"
55;273;"et aperiam autem inventore nisi nulla reiciendis velit"
55;274;"et vero nostrum tempore"
55;275;"error nulla est laudantium similique ad"
56;276;"inventore amet ut debitis ipsam reiciendis molestiae autem sed"
56;277;"dolorem aut ipsum alias ex ea quidem nostrum"
56;278;"est pariatur similique quod voluptas et consequuntur nam molestiae"
56;279;"voluptas nihil aut dolor adipisci non"
56;280;"culpa minima non consequatur sit autem quas sed ipsam"
57;281;"consequatur voluptates sed voluptatem fuga"
57;282;"et vitae culpa corrupti"
57;283;"iste molestiae aut hic perspiciatis sint"
57;284;"soluta omnis maiores animi veniam voluptas et totam repellendus"
57;285;"non est sunt consequatur reiciendis"
58;286;"dolore dignissimos distinctio"
58;287;"voluptas ad autem maxime iusto eos dolorem ducimus est"
58;288;"numquam eius voluptas quibusdam soluta exercitationem"
58;289;"voluptatem aut harum aut corporis dignissimos occaecati sequi quod"
58;290;"suscipit debitis eveniet nobis atque commodi quisquam"
59;291;"occaecati et dolorum"
59;292;"consequatur et facere similique beatae explicabo eligendi consequuntur"
59;293;"qui sint hic"
59;294;"autem totam necessitatibus sit sunt minima aut quis"
59;295;"ullam dignissimos non aut dolore"
60;296;"hic eum sed dolore velit cupiditate quisquam ut inventore"
60;297;"dignissimos dolor facere"
60;298;"ipsam ut labore voluptatem quis id velit sunt"
60;299;"laborum asperiores nesciunt itaque"
60;300;"in dolore iusto ex molestias vero"
61;301;"id voluptatibus voluptas occaecati quia sunt eveniet et eius"
61;302;"quia voluptatem sunt voluptate ut ipsa"
61;303;"excepturi itaque laudantium reiciendis dolorem"
61;304;"voluptatem quidem animi sit est nemo non omnis molestiae"
61;305;"non cum consequatur at nihil aut fugiat delectus quia"
62;306;"omnis nisi libero"
62;307;"id ab commodi est quis culpa"
62;308;"enim ut optio architecto dolores nemo quos"
62;309;"maiores et quisquam"
62;310;"sed qui atque"
63;311;"veritatis nulla consequatur sed cumque"
63;312;"libero et distinctio repudiandae voluptatem dolores"
63;313;"quia enim et"
63;314;"enim voluptatem quam"
63;315;"maxime nulla perspiciatis ad quo quae consequatur quas"
64;316;"totam est minima modi sapiente nobis impedit"
64;317;"iusto pariatur ea"
64;318;"vitae porro aut ex est cumque"
64;319;"et eos praesentium porro voluptatibus quas quidem explicabo est"
64;320;"fugiat eos commodi consequatur vel qui quasi"
65;321;"rem ducimus ipsam ut est vero distinctio et"
65;322;"ipsam et commodi"
65;323;"et aut non illo cumque pariatur laboriosam"
65;324;"ut ut architecto vero est ipsam"
65;325;"odit sit numquam rerum porro dolorem"
66;326;"voluptatem laborum incidunt accusamus"
66;327;"quisquam necessitatibus commodi iure eum"
66;328;"temporibus ut vero quas"
66;329;"quasi beatae sapiente voluptates quo temporibus"
66;330;"illo ab quae deleniti"
67;331;"nemo cum est officia maiores sint sunt a"
67;332;"dicta vero voluptas hic dolorem"
67;333;"soluta dicta pariatur reiciendis"
67;334;"et adipisci laboriosam est modi"
67;335;"voluptatem accusantium beatae veniam voluptatem quo culpa deleniti"
68;336;"eveniet eligendi nisi sunt a error blanditiis et ea"
68;337;"beatae esse tenetur aut est"
68;338;"qui sit quo est ipsam minima neque nobis"
68;339;"accusantium et sit nihil quibusdam voluptatum provident est qui"
68;340;"rerum et quae tenetur soluta voluptatem tempore laborum enim"
69;341;"sunt ut voluptatem cupiditate maxime dolores eligendi"
69;342;"corporis at consequuntur consequatur"
69;343;"repellat sed consequatur suscipit aliquam"
69;344;"blanditiis rerum voluptatem quaerat modi saepe ratione assumenda qui"
69;345;"ut deleniti autem ullam quod provident ducimus enim explicabo"
70;346;"beatae in fuga assumenda dolorem accusantium blanditiis mollitia"
70;347;"tenetur id delectus recusandae voluptates quo aut"
70;348;"molestias natus autem quae sint qui"
70;349;"odio maiores a porro dolorum ut pariatur inventore"
70;350;"eius quia pariatur"
71;351;"quia ex perspiciatis sunt voluptatem quidem"
71;352;"sit ipsam voluptatem velit"
71;353;"consequatur reprehenderit similique vitae dolor debitis"
71;354;"eligendi tempora eum deserunt"
71;355;"reiciendis ad ea"
72;356;"qui vel id qui est"
72;357;"consectetur totam fugit et occaecati minima aliquid hic adipisci"
72;358;"accusantium natus ex et consequuntur neque"
72;359;"esse quia quidem quisquam consequatur nisi deleniti"
72;360;"rerum tempore facilis ut quod sit"
73;361;"voluptates qui et corporis"
73;362;"quia qui quia qui"
73;363;"nihil consequatur quibusdam"
73;364;"vel architecto assumenda et maiores"
73;365;"aliquam officiis omnis"
74;366;"aperiam ut deserunt minus quo dicta nisi"
74;367;"praesentium eos quam eius optio eveniet"
74;368;"fugiat aliquid sint"
74;369;"qui incidunt vel iusto eligendi amet quia qui"
74;370;"libero vero voluptatum sed facilis quos aut reprehenderit ad"
75;371;"ut quia sequi sed eius voluptas"
75;372;"qui cumque eos consequatur fuga ut"
75;373;"nemo voluptatum quo qui atque"
75;374;"quam exercitationem alias totam"
75;375;"similique doloribus odit quas magnam omnis dolorem dolore et"
76;376;"dolorem qui architecto provident"
76;377;"nemo hic sapiente placeat quidem omnis"
76;378;"vitae aut perspiciatis quia enim voluptas"
76;379;"est qui quos exercitationem"
76;380;"similique fugiat tenetur ea incidunt numquam"
77;381;"sint porro optio voluptatem"
77;382;"eius itaque ut ipsa quia quis labore"
77;383;"provident voluptas perferendis quibusdam libero"
77;384;"et et voluptas et eligendi distinctio accusantium temporibus enim"
77;385;"qui voluptates molestias necessitatibus eos odio quo minima"
78;386;"temporibus minus debitis deleniti repellat unde eveniet"
78;387;"magnam nihil delectus dolor natus ab ea et"
78;388;"laudantium quibusdam blanditiis pariatur non vero deleniti a perferendis"
78;389;"excepturi nam cum molestiae et totam voluptatem nisi"
78;390;"temporibus aut et"
79;391;"sed ratione nesciunt odit expedita"
79;392;"rerum officiis qui quaerat omnis dolorem iure est repudiandae"
79;393;"illo quis nostrum accusantium architecto et aliquam ratione"
79;394;"reprehenderit eos voluptatem ut"
79;395;"excepturi esse laborum ut qui culpa"
80;396;"qui eos vitae possimus reprehenderit voluptatem voluptatem repellendus"
80;397;"quasi exercitationem molestias dolore non non sed est"
80;398;"labore consequuntur vel qui"
80;399;"sunt ut eos"
80;400;"quia aut consequatur sunt iste aliquam impedit sit"
81;401;"cum voluptate sint voluptas veritatis"
81;402;"ut eos mollitia eum eius"
81;403;"architecto voluptatum eos blanditiis aliquam debitis beatae nesciunt dolorum"
81;404;"officia qui ut explicabo eos fugit"
81;405;"incidunt commodi voluptatem maiores asperiores blanditiis omnis ratione"
82;406;"sint eaque rerum voluptas fugiat quia qui"
82;407;"eius tempora sint reprehenderit"
82;408;"non excepturi enim est sapiente numquam repudiandae illo"
82;409;"dicta dolor voluptate vel praesentium"
82;410;"et dolore hic a cupiditate beatae natus iusto soluta"
83;411;"hic rem eligendi tenetur ipsum dolore maxime eum"
83;412;"quaerat et quia accusamus provident earum cumque"
83;413;"atque porro quo voluptas"
83;414;"ut qui voluptatem hic maxime"
83;415;"rerum consequatur ut et voluptate harum amet accusantium est"
84;416;"neque nemo consequatur ea fugit aut esse suscipit dolore"
84;417;"quia reiciendis nobis minima quia et saepe"
84;418;"nesciunt voluptates amet sint et delectus et dolore culpa"
84;419;"omnis voluptate dolorem similique totam"
84;420;"aut recusandae a sit voluptas explicabo nam et"
85;421;"non eligendi ipsam provident"
85;422;"sit molestiae corporis"
85;423;"assumenda iure a"
85;424;"molestiae dolores itaque dicta earum eligendi dolores"
85;425;"cumque expedita consequatur qui"
86;426;"deleniti tempora non quia et aut"
86;427;"delectus illum minus odit"
86;428;"voluptas dolores dolor nisi voluptatem ratione rerum"
86;429;"sed omnis dolore aperiam"
86;430;"sint ullam alias et at et"
87;431;"velit incidunt ut accusantium odit maiores quaerat"
87;432;"quod quia nihil nisi perferendis laborum blanditiis tempora eos"
87;433;"qui ea voluptatem reiciendis enim enim nisi aut"
87;434;"doloremque eligendi quas voluptatem non quos ex"
87;435;"id voluptatum nulla maiores ipsa eos"
88;436;"ea illo ab et maiores eaque non nobis"
88;437;"magni asperiores in cupiditate"
88;438;"ullam autem aliquam"
88;439;"voluptates quasi minus dolorem itaque nemo"
88;440;"adipisci sapiente libero beatae quas eveniet"
89;441;"nisi qui voluptates recusandae voluptas assumenda et"
89;442;"sed molestias sit voluptatibus sit aut alias sunt inventore"
89;443;"illum pariatur aliquam esse nisi voluptas quisquam ea"
89;444;"incidunt aut qui quis est sit corporis pariatur qui"
89;445;"temporibus adipisci eveniet libero ullam"
90;446;"dicta excepturi aut est dolor ab dolores rerum"
90;447;"molestiae qui quod quo"
90;448;"pariatur consequatur sit commodi aliquam"
90;449;"sunt quia soluta quae sit deleniti dolor ullam veniam"
90;450;"dolorem corporis facilis et"
91;451;"maiores ut dolores quo sapiente nisi"
91;452;"quia excepturi in harum repellat consequuntur est vel qui"
91;453;"doloremque ut est eaque"
91;454;"magni quos voluptatibus earum et inventore suscipit"
91;455;"assumenda qui et aspernatur"
92;456;"quod voluptatem qui qui sit sed maiores fugit"
92;457;"ipsa animi saepe veritatis voluptatibus ad amet id aut"
92;458;"fugiat consectetur saepe dicta"
92;459;"nesciunt numquam alias doloremque minus ipsam optio"
92;460;"eum fugit omnis optio"
93;461;"perferendis nobis praesentium accusantium culpa et et"
93;462;"assumenda quia sint"
93;463;"cupiditate quidem corporis totam tenetur rem nesciunt et"
93;464;"quisquam quaerat rerum dolor asperiores doloremque"
93;465;"est sunt est nesciunt distinctio quaerat reprehenderit in vero"
94;466;"impedit autem distinctio omnis ipsam voluptas eaque"
94;467;"voluptas unde perferendis ut eaque dicta"
94;468;"nam praesentium est ipsa libero aut"
94;469;"vel eum quia esse sapiente"
94;470;"deleniti vitae alias distinctio dignissimos ab accusantium pariatur dicta"
95;471;"nihil ad debitis rerum optio est cumque sed voluptates"
95;472;"aspernatur ex dolor optio"
95;473;"quaerat et excepturi autem animi fuga"
95;474;"natus consequatur deleniti ipsum delectus"
95;475;"cumque consequuntur excepturi consequatur consequatur est"
96;476;"quia hic adipisci modi fuga aperiam"
96;477;"ut occaecati non"
96;478;"quo error dignissimos numquam qui nam fugit voluptates et"
96;479;"distinctio minima error aspernatur reiciendis inventore quo"
96;480;"accusantium quo error repudiandae"
97;481;"recusandae dolor similique autem saepe voluptate aut vel sit"
97;482;"placeat eveniet sunt ut quis"
97;483;"a ipsa nihil sed impedit"
97;484;"hic inventore sint aut"
97;485;"enim asperiores illum"
98;486;"et aut qui eaque porro quo quis velit rerum"
98;487;"sunt omnis aliquam labore eveniet"
98;488;"quo neque dolorem dolorum non incidunt"
98;489;"aut quia et corporis voluptas quisquam voluptatem"
98;490;"et eum provident maxime beatae minus et doloremque perspiciatis"
99;491;"eos enim odio"
99;492;"consequatur alias ab fuga tenetur maiores modi"
99;493;"ut praesentium sit eos rerum tempora"
99;494;"molestias facere soluta mollitia totam dolorem commodi itaque"
99;495;"dolor ut ut aut molestiae esse et tempora numquam"
100;496;"et occaecati asperiores quas voluptas ipsam nostrum"
100;497;"doloribus dolores ut dolores occaecati"
100;498;"dolores minus aut libero"
100;499;"excepturi sunt cum a et rerum quo voluptatibus quia"
100;500;"ex eaque eum natus"
